article_id,url,topic_gt,topic_pred,topic_match,intent_gt,intent_pred,intent_match,format_gt,format_pred,format_match,orientation_gt,orientation_pred,orientation_match,salience_gt,salience_pred,salience_match,audience_gt,audience_pred,audience_match,maturity_gt,maturity_pred,maturity_match,sentiment_gt,sentiment_pred,sentiment_match,entity_precision,entity_recall,entity_notes
58,https://www.cnbc.com/2026/07/01/tech-stocks-mag-7-emerging-markets-nvidia-chip-ai.html,Business,Technology,False,Analysis,Report,False,Analysis,Article,False,Centrist or politically neutral,Centrist or politically neutral,True,Low,Low,True,Professional,Informed Reader,False,Sophisticated,Sophisticated,True,Neutral,Neutral,True,0.375,0.6,missed:sk hynix(company); missed:asml(company); missed:asmi(company); missed:be semiconductor(company); missed:blackrock(company); missed:deutsche bank(company); extra:u.s. big tech(company); extra:the msci emerging markets(company); extra:the s&p 500 information technology(company); extra:ftse(company); extra:cac(company); extra:ftse mib(company); extra:ai(company); extra:semiconductor(company); extra:the blackrock investment institute(company); extra:physical ai(company); extra:fed(company); extra:fomc(company); extra:fedwatch(company); extra:deutsche bank's(company); extra:kospi(company)
59,https://www.cnbc.com/2026/07/15/asml-2q-earnings-ai-chips-orders.html,Business,Business,True,Report,Report,True,Article,Article,True,Centrist or politically neutral,Centrist or politically neutral,True,Low,High,False,Professional,Informed Reader,False,Sophisticated,Sophisticated,True,Positive,Neutral,False,0.2857142857142857,0.6666666666666666,missed:asml(company); missed:tsmc(company); extra:ai(company); extra:high na(company); extra:cnbc(company); extra:taiwan semiconductor manufacturing co(company); extra:reuters(company); extra:national science and technology council(company); extra:wu cheng-wen(politician); extra:duv(company); extra:pe(company); extra:correonero(company)
60,https://techcrunch.com/2026/06/22/the-running-list-major-tech-layoffs-in-2026-where-employers-cited-ai/,Business,Technology,False,Report,Report,True,Article,Article,True,Centrist or politically neutral,Progressive or left-wing,False,Low,High,False,Informed Reader,Informed Reader,True,Standard,Sophisticated,False,Negative,Neutral,False,0.5227272727272727,0.71875,"missed:alphabet(company); missed:cisco(company); missed:coinbase(company); missed:snap(company); wrong_role:atlassian(gt=company,pred=executive); missed:block(company); missed:salesforce(company); missed:mark patterson(executive); missed:jack dorsey(executive); extra:ai(company); extra:challenger, gray & christmas(company); extra:layoffs.fyi(company); extra:gm(company); extra:cloud(company); extra:threat intelligence group(company); extra:mandiant(company); extra:cfo mark patterson(company); extra:cnbc(company); extra:information technology(company); extra:coo(company); extra:lores(executive); extra:spiegel(executive); extra:sec(company); extra:bloomberg(company); extra:jack dorsey’s(executive); extra:dorsey(executive); extra:agentforce ai(company); extra:fortune(company); extra:agentforce(company)"
61,https://www.cnbc.com/2026/02/02/store-openings-and-closures-2026-dollar-general-aldi-gamestop.html,Business,Business,True,Report,Report,True,Article,Article,True,Centrist or politically neutral,Centrist or politically neutral,True,Low,Low,True,Informed Reader,Informed Reader,True,Standard,Sophisticated,False,Neutral,Neutral,True,0.8148148148148148,0.7096774193548387,"missed:dollar general(company); missed:francesca's(company); missed:joann(company); missed:party city(company); missed:big lots(company); missed:forever 21(company); missed:openai(company); missed:john mercer(executive); missed:naveen jaggi(executive); extra:coresight(company); extra:francesca(company); extra:amazon fresh(company); extra:joann, party city and big lots(company); extra:gemini(company)"
62,https://www.cnbc.com/2026/02/03/musk-xai-spacex-biggest-merger-ever.html,Business,Technology,False,Report,Report,True,Breaking,Article,False,Centrist or politically neutral,Centrist or politically neutral,True,Low,High,False,Informed Reader,Expert / Specialist,False,Standard,Sophisticated,False,Neutral,Neutral,True,0.16666666666666666,0.3333333333333333,missed:xai(company); missed:openai(company); missed:anthropic(company); missed:elon musk(executive); extra:elon musk's(executive); extra:cnbc(company); extra:david faber(executive); extra:ai(company); extra:bloomberg(company); extra:the financial times(company); extra:grok ai(company); extra:starlink(company); extra:the department of defense(company); extra:nasa(company)
63,https://www.cnbc.com/2026/03/06/e-shaped-economy-replacing-k-shape-2026.html,Business,Business,True,Explainer,Report,False,Feature,Article,False,Centrist or politically neutral,Centrist or politically neutral,True,Low,Medium,False,General Public,Informed Reader,False,Accessible,Sophisticated,False,Negative,Neutral,False,0.35714285714285715,0.5555555555555556,missed:chase(company); missed:american express(company); missed:bank of america(company); missed:intuit turbotax(company); extra:the hamilton project(company); extra:the university of michigan survey of consumers(company); extra:amex platinum(company); extra:the labor department(company); extra:intuit(company); extra:turbotax(company); extra:cnbc(company); extra:bank of america institute(company); extra:the chase sapphire reserve(company)
64,https://www.cnbc.com/2026/04/23/american-airlines-aal-q1-2026-earnings.html,Business,Business,True,Report,Report,True,Article,Article,True,Centrist or politically neutral,Centrist or politically neutral,True,Low,High,False,Professional,Informed Reader,False,Standard,Sophisticated,False,Negative,Neutral,False,0.4,1.0,extra:cnbc(company); extra:phil lebeau(executive); extra:american(company)
65,https://www.cnbc.com/2026/06/16/spacex-spcx-cursor-acquisition-ipo.html,Business,Technology,False,Report,Report,True,Breaking,Article,False,Centrist or politically neutral,Centrist or politically neutral,True,Low,High,False,Informed Reader,Informed Reader,True,Standard,Sophisticated,False,Positive,Neutral,False,0.46153846153846156,0.5,missed:xai(company); missed:anthropic(company); missed:openai(company); missed:ramp(company); missed:elon musk(executive); missed:gwynne shotwell(executive); extra:elon musk's(executive); extra:nasdaq(company); extra:ai(company); extra:cnbc(company); extra:the securities and exchange commission(company); extra:coo gwynne shotwell(executive); extra:morgan brennan(executive)
66,https://www.cnbc.com/2026/07/10/stock-market-next-week-outlook-for-july-13-17-2026.html,Business,Business,True,Report,Report,True,Article,Article,True,Centrist or politically neutral,Centrist or politically neutral,True,Medium,High,False,Professional,Informed Reader,False,Sophisticated,Sophisticated,True,Neutral,Neutral,True,0.5625,0.7105263157894737,"missed:donald trump(politician); missed:vaneck(company); missed:fastenal(company); missed:pnc financial services group(company); missed:bank of new york mellon(company); missed:elevance health(company); missed:m&t bank(company); missed:prologis(company); missed:state street(company); missed:travelers cos.(company); missed:factset(company); extra:the s & p 500's(company); extra:cnbc(company); extra:congress(company); extra:the van eck semiconductor etf(company); extra:the federal reserve(company); extra:cme fedwatch(company); extra:jerome powell(politician); extra:janet yellen(politician); extra:ben bernanke(politician); extra:adp weekly employment(company); extra:empire state(company); extra:the pnc financial services group(company); extra:the bank of new york mellon(company); extra:elevance health , m & t bank(company); extra:philadelphia fed(company); extra:nahb housing market(company); extra:prologis , state street(company); extra:capacity utilization(company); extra:industrial production(company); extra:michigan sentiment(company); extra:the travelers cos.(company)"
67,https://www.cnbc.com/2026/07/13/-a-july-rate-hike-from-the-fed-the-odds-are-rising.html,Business,Geoploitics,False,Report,Report,True,Breaking,Article,False,Centrist or politically neutral,Right-wing or conservative,False,Medium,High,False,Professional,Informed Reader,False,Sophisticated,Sophisticated,True,Neutral,Neutral,True,0.2857142857142857,0.3333333333333333,missed:christopher waller(politician); missed:kalshi(company); missed:cme(company); missed:ajay rajadhyaksha(executive); extra:the federal reserve(company); extra:fedwatch(company); extra:cnbc(company); extra:dow jones(company); extra:rajadhyaksha(company)
68,https://www.cnbc.com/2026/07/15/morgan-stanley-ms-earnings-q2-2026-.html,Business,Business,True,Report,Report,True,Article,Article,True,Centrist or politically neutral,Centrist or politically neutral,True,Low,Low,True,Professional,Informed Reader,False,Sophisticated,Sophisticated,True,Positive,Positive,True,0.8,1.0,extra:streetaccount(company)
69,https://www.cnbc.com/2026/07/15/the-earnings-season-has-kicked-off-can-companies-meet-the-high-bar.html,Business,Business,True,Analysis,Report,False,Analysis,Article,False,Centrist or politically neutral,Centrist or politically neutral,True,Low,High,False,Professional,Informed Reader,False,Sophisticated,Sophisticated,True,Neutral,Neutral,True,0.7222222222222222,1.0,extra:the s & p 500(company); extra:ai(company); extra:q2(company); extra:wells fargo investment institute(company); extra:tech/semis'(company)
70,https://www.cnbc.com/2026/07/15/united-airlines-ual-2q-2026-earnings.html,Business,Geoploitics,False,Report,Report,True,Article,Article,True,Centrist or politically neutral,Centrist or politically neutral,True,Medium,High,False,Professional,Informed Reader,False,Standard,Sophisticated,False,Neutral,Neutral,True,0.2857142857142857,0.6666666666666666,missed:united airlines(company); extra:united airlines'(company); extra:argus(company); extra:airlines for america(company); extra:cnbc(company); extra:squawk box(executive)
71,https://www.cnbc.com/2026/07/16/unitedhealth-group-unh-earnings-q2-2026.html,Business,Business,True,Report,Report,True,Article,Article,True,Centrist or politically neutral,Centrist or politically neutral,True,Medium,High,False,Professional,Informed Reader,False,Sophisticated,Sophisticated,True,Positive,Neutral,False,0.4444444444444444,0.6666666666666666,missed:unitedhealthcare(company); missed:lseg(company); extra:ai(company); extra:medicare(company); extra:department of justice(company); extra:cfo(company); extra:aca(company)
72,https://www.cnbc.com/2026/07/18/warshgpt-federal-reserve-communications-task-force-warsh.html,Business,Business,True,Analysis,Report,False,Feature,Article,False,Centrist or politically neutral,Centrist or politically neutral,True,Medium,High,False,Professional,Professional,True,Sophisticated,Advanced,False,Neutral,Neutral,True,0.26666666666666666,0.3333333333333333,missed:kevin warsh(politician); missed:jerome powell(politician); missed:alan greenspan(politician); missed:ubs(company); missed:mackay shields(company); missed:anthropic(company); missed:openai(company); missed:kalshi(company); extra:the federal reserve's(company); extra:the federal reserve(company); extra:morris(executive); extra:ai(company); extra:cnbc(company); extra:new york fed(company); extra:christopher waller(politician); extra:fedwatch(company); extra:f/m investments'(company); extra:david kelly(executive); extra:uc-irvine's(company)
73,https://religionnews.com/2026/07/15/sight-sound-christian-broadway-shows-will-soon-stream-on-faith-based-platform/,Entertainment,Religion,False,Report,Report,True,Feature,Article,False,Centrist or politically neutral,Centrist or politically neutral,True,Low,Low,True,General Public,Expert / Specialist,False,Accessible,Sophisticated,False,Positive,Neutral,False,0.625,0.5,"missed:sight and sound(company); wrong_role:wonder project(gt=company,pred=movie_or_tv_show); missed:kelly merryman hoogstraten(executive); missed:jon erwin(executive); missed:ani haftvani(executive); extra:sight & sound later(company); extra:shirley(executive)"
74,https://variety.com/2026/film/box-office/box-office-hits-flops-michael-supergirl-1236809979/,Entertainment,Entertainment,True,Analysis,Report,False,Analysis,Article,False,Centrist or politically neutral,Progressive or left-wing,False,Medium,High,False,Professional,Informed Reader,False,Standard,Sophisticated,False,Neutral,Neutral,True,0.4358974358974359,0.5666666666666667,"missed:ryan gosling(actor); missed:christian bale(actor); missed:jessie buckley(actor); missed:jacob elordi(actor); missed:nate bargatze(actor); missed:project hail mary(movie_or_tv_show); missed:michael(movie_or_tv_show); wrong_role:backrooms(gt=movie_or_tv_show,pred=company); missed:melania(movie_or_tv_show); missed:star wars: the mandalorian and grogu(movie_or_tv_show); missed:28 years later: bone temple(movie_or_tv_show); missed:disclosure day(movie_or_tv_show); missed:jeff bezos(executive); extra:the bride’: the good(movie_or_tv_show); extra:masters of the universe(movie_or_tv_show); extra:the odyssey(movie_or_tv_show); extra:dune: part three(movie_or_tv_show); extra:avengers(movie_or_tv_show); extra:the mandalorian and grogu(movie_or_tv_show); extra:thriller(movie_or_tv_show); extra:bohemian rhapsody(movie_or_tv_show); extra:jackson(musician); extra:gen z(company); extra:youtuber(company); extra:krypton(company); extra:maga(company); extra:jeff bezos!(executive); extra:star wars(movie_or_tv_show); extra:solo: a star wars story(movie_or_tv_show); extra:the bride(movie_or_tv_show); extra:lightyear(movie_or_tv_show); extra:inside out 2(movie_or_tv_show); extra:bargatze(company); extra:bridge of spies(movie_or_tv_show)"
75,https://variety.com/2026/film/festivals/best-of-cannes-2026-20-critics-picks-from-the-cannes-film-festival-1236757147/,Entertainment,Lifestyle,False,Review,Report,False,Analysis,Article,False,Centrist or politically neutral,Progressive or left-wing,False,Low,Medium,False,Expert / Specialist,Professional,False,Advanced,Sophisticated,False,Positive,Neutral,False,0.2413793103448276,0.3181818181818182,"missed:javier bardem(actor); missed:sebastian stan(actor); missed:renate reinsve(actor); missed:rami malek(actor); missed:julia louis-dreyfus(actor); missed:hannah einbinder(actor); missed:all of a sudden(movie_or_tv_show); wrong_role:clarissa(gt=movie_or_tv_show,pred=actor); missed:club kid(movie_or_tv_show); missed:double freedom(movie_or_tv_show); missed:fatherland(movie_or_tv_show); missed:fjord(movie_or_tv_show); missed:minotaur(movie_or_tv_show); missed:tangles(movie_or_tv_show); missed:sony pictures classics(company); extra:sirāt(movie_or_tv_show); extra:“sentimental value(movie_or_tv_show); extra:the mastermind(movie_or_tv_show); extra:the secret agent(movie_or_tv_show); extra:jane schoenbrun(actor); extra:owen gleiberman(actor); extra:virginia woolf’s(actor); extra:chuko esiri’s(actor); extra:lisandro alonso’s(musician); extra:the dreamed adventure(movie_or_tv_show); extra:thomas mann(actor); extra:erika(actor); extra:hüller(actor); extra:la gradiva(movie_or_tv_show); extra:the man i love(movie_or_tv_show); extra:jimmy george(musician); extra:jimmy(musician); extra:maverick: the epic adventures of(movie_or_tv_show); extra:maverick(movie_or_tv_show); extra:armageddon time(movie_or_tv_show); extra:teenage sex and death at camp(movie_or_tv_show)"
76,https://variety.com/2026/film/news/3-weeks-after-review-1236803851/,Entertainment,Entertainment,True,Review,Report,False,Analysis,Article,False,Centrist or politically neutral,Center-right,False,Low,High,False,Informed Reader,Informed Reader,True,Sophisticated,Advanced,False,Negative,Negative,True,,0.0,missed:jovan ginić(actor); missed:andrija marković(actor); missed:andjela alavirević(actor); missed:tihana lazović(actor); missed:branislav trifunović(actor); missed:3 weeks after(movie_or_tv_show); missed:after lucia(movie_or_tv_show)
77,https://variety.com/2026/film/news/the-furious-review-1236778933/,Entertainment,Entertainment,True,Review,Report,False,Analysis,Article,False,Centrist or politically neutral,Centrist or politically neutral,True,Low,Medium,False,Informed Reader,Informed Reader,True,Standard,Accessible,False,Positive,Neutral,False,1.0,0.4444444444444444,missed:xie miao(actor); missed:yang enyou(actor); missed:joe taslim(actor); missed:mortal kombat(movie_or_tv_show); missed:lionsgate(company)
78,https://variety.com/2026/film/reviews/evil-dead-burn-review-1236802737/,Entertainment,Entertainment,True,Review,Report,False,Analysis,Article,False,Centrist or politically neutral,Progressive or left-wing,False,Low,Low,True,Informed Reader,Informed Reader,True,Sophisticated,Sophisticated,True,Neutral,Neutral,True,0.36363636363636365,0.4444444444444444,missed:souheila yacoub(actor); missed:george pullar(actor); missed:erroll shand(actor); missed:maude davey(actor); missed:the hills have eyes(movie_or_tv_show); extra:gore(actor); extra:exorcist(movie_or_tv_show); extra:linda blair’s(politician); extra:regan(politician); extra:the lin shaye(actor); extra:the book of the dead(movie_or_tv_show); extra:gore-gore(actor)
79,https://variety.com/2026/film/reviews/moana-live-action-review-dwayne-johnson-1236802858/,Entertainment,Entertainment,True,Review,Report,False,Analysis,Article,False,Centrist or politically neutral,Centrist or politically neutral,True,Low,High,False,Informed Reader,General Public,False,Sophisticated,Sophisticated,True,Positive,Positive,True,0.46153846153846156,0.4,"missed:dwayne johnson(actor); missed:catherine laga'aia(actor); missed:jemaine clement(actor); missed:john tui(actor); missed:rachel zegler(actor); missed:will smith(actor); missed:robin williams(actor); missed:moana(movie_or_tv_show); wrong_role:aladdin(gt=movie_or_tv_show,pred=company); extra:tala(actor); extra:catherine laga’aia(actor); extra:you’re welcome(movie_or_tv_show); extra:buff(athlete); extra:lin-manuel miranda(musician); extra:opetaia(musician)"
80,https://variety.com/2026/film/reviews/motor-city-review-shailene-woodley-ben-foster-1236810506/,Entertainment,Entertainment,True,Review,Report,False,Analysis,Article,False,Centrist or politically neutral,Progressive or left-wing,False,Low,Medium,False,Informed Reader,Informed Reader,True,Sophisticated,Sophisticated,True,Positive,Neutral,False,0.13333333333333333,0.2,"missed:alan ritchson(actor); missed:shailene woodley(actor); missed:ben foster(actor); wrong_role:tim blake nelson(gt=actor,pred=musician); missed:motor city(movie_or_tv_show); missed:old henry(movie_or_tv_show); missed:drive(movie_or_tv_show); missed:dragged across concrete(movie_or_tv_show); extra:born to be wild(movie_or_tv_show); extra:the blackboard jungle(movie_or_tv_show); extra:kenneth anger(musician); extra:martin scorsese(musician); extra:potsy ponciroli(musician); extra:styx(musician); extra:zappa(musician); extra:david bowie’s(musician); extra:donna summer’s(musician); extra:david lynch(musician); extra:henry(musician); extra:nights in white satin(movie_or_tv_show)"
81,https://variety.com/2026/film/reviews/the-odyssey-review-christopher-nolan-1236811509/,Entertainment,Entertainment,True,Review,Report,False,Analysis,Article,False,Centrist or politically neutral,Progressive or left-wing,False,Low,High,False,Professional,Expert / Specialist,False,Sophisticated,Sophisticated,True,Positive,Neutral,False,0.5,0.16666666666666666,missed:matt damon(actor); missed:anne hathaway(actor); missed:tom holland(actor); missed:robert pattinson(actor); missed:john leguizamo(actor); missed:bill irwin(actor); missed:elliot page(actor); missed:zendaya(actor); missed:lupita nyong'o(actor); missed:ulysses(movie_or_tv_show); extra:odyssey(movie_or_tv_show); extra:circe(actor)
82,https://variety.com/lists/best-movies-of-2026-so-far/,Entertainment,Entertainment,True,Review,Report,False,Analysis,Article,False,Centrist or politically neutral,Progressive or left-wing,False,Low,Medium,False,Informed Reader,Informed Reader,True,Sophisticated,Sophisticated,True,Positive,Neutral,False,0.32608695652173914,0.5357142857142857,"missed:sterling k. brown(actor); wrong_role:janelle monae(gt=actor,pred=musician); missed:vivica a. fox(actor); missed:jaeden martell(actor); wrong_role:paul rudd(gt=actor,pred=musician); missed:george mackay(actor); missed:callum turner(actor); missed:blue heron(movie_or_tv_show); missed:epic: elvis presley in concert(movie_or_tv_show); missed:is god is(movie_or_tv_show); missed:our hero, balthazar(movie_or_tv_show); missed:power ballad(movie_or_tv_show); missed:silent friend(movie_or_tv_show); extra:backrooms(company); extra:elvis presley(musician); extra:billie eilish(musician); extra:project hail mary(movie_or_tv_show); extra:the drama(movie_or_tv_show); extra:i love boosters(movie_or_tv_show); extra:“the furious(movie_or_tv_show); extra:our hero(movie_or_tv_show); extra:elvis(musician); extra:baz luhrmann’s(musician); extra:liberace(musician); extra:danny(musician); extra:michael(musician); extra:guy lodge(musician); extra:guy lodge 
- 
			epic(musician); extra:luhrmann(musician); extra:husbands and wives(movie_or_tv_show); extra:olivia wilde(actor); extra:tony(actor); extra:obsessioncurry barker’s(company); extra:ai(company); extra:balthazar(musician); extra:hero, balthazar(movie_or_tv_show); extra:the edgelord and(movie_or_tv_show); extra:john carney(musician); extra:rick power(musician); extra:rick(musician); extra:rudd(musician); extra:toy story(movie_or_tv_show)"
83,https://www.eonline.com/news/1432746/sienna-miller-oli-green-engaged-after-welcoming-2nd-baby-together,Entertainment,Entertainment,True,Report,Report,True,Feature,Article,False,Centrist or politically neutral,Centrist or politically neutral,True,Low,Medium,False,General Public,Informed Reader,False,Accessible,Sophisticated,False,Positive,Neutral,False,0.5,0.25,missed:oli green(actor); missed:tom sturridge(actor); missed:the tonight show(movie_or_tv_show); extra:jack ryan(actor)
84,https://www.eonline.com/news/1433574/emmys-nominations-full-list-2026,Entertainment,Entertainment,True,Report,Report,True,Article,Article,True,Centrist or politically neutral,Center-right,False,Low,Medium,False,General Public,Informed Reader,False,Standard,Sophisticated,False,Neutral,Positive,False,0.6153846153846154,0.4,"wrong_role:liza colón-zayas(gt=actor,pred=company); missed:jeff hiller(actor); missed:paul w. downs(actor); missed:rhea seehorn(actor); missed:karolina wydra(actor); missed:carlos manuel vesga(actor); wrong_role:matthew rhys(gt=actor,pred=politician); missed:kate o'flynn(actor); missed:hacks(movie_or_tv_show); missed:the pitt(movie_or_tv_show); missed:widow's bay(movie_or_tv_show); missed:pluribus(movie_or_tv_show); extra:nbc(company); extra:kate(actor); extra:bear(company)"
85,https://www.eonline.com/news/1433740/emmys-2026-nominations-snubs-and-surprises,Entertainment,Entertainment,True,Analysis,Report,False,Analysis,Article,False,Centrist or politically neutral,Progressive or left-wing,False,Low,Medium,False,General Public,Informed Reader,False,Standard,Sophisticated,False,Neutral,Positive,False,0.375,0.25,"missed:ayo edebiri(actor); missed:elle fanning(actor); missed:lisa kudrow(actor); missed:sterling k. brown(actor); wrong_role:mark ruffalo(gt=actor,pred=politician); wrong_role:gary oldman(gt=actor,pred=politician); wrong_role:rufus sewell(gt=actor,pred=politician); missed:chase infiniti(actor); missed:liza colón-zayas(actor); wrong_role:jeff hiller(gt=actor,pred=musician); missed:hacks(movie_or_tv_show); missed:the pitt(movie_or_tv_show); missed:pluribus(movie_or_tv_show); missed:euphoria(movie_or_tv_show); missed:shrinking(movie_or_tv_show); missed:the bear(movie_or_tv_show); missed:only murders in the building(movie_or_tv_show); missed:love story: john f. kennedy jr. and carolyn bessette(movie_or_tv_show); extra:outstanding comedy series and outstanding directing(movie_or_tv_show); extra:outstanding drama series(movie_or_tv_show); extra:love story(movie_or_tv_show); extra:john f. kennedy jr.(politician); extra:building(company); extra:the gilded age(actor)"
86,https://www.eonline.com/news/1433791/world-cup-2026-halftime-show-details-bts-justin-bieber-to-perform,Entertainment,Sports,False,Report,Report,True,Feature,Article,False,Centrist or politically neutral,Centrist or politically neutral,True,Low,Medium,False,General Public,Informed Reader,False,Accessible,Sophisticated,False,Positive,Positive,True,0.5,0.5,missed:j-hope(musician); missed:rm(musician); missed:v(musician); missed:shakira(musician); missed:burna boy(musician); missed:live nation(company); missed:done + dusted(company); extra:the 2026 world cup(sporting_event); extra:world cup halftime show(sporting_event); extra:coldplay(company); extra:elmo(musician); extra:burna boy's(musician); extra:dai dai(musician); extra:the fifa world cup(sporting_event)
87,https://apnews.com/article/cuba-dissident-artist-exiled-490cb7cb8e672592ee16593678273a26,Geopolitics,Geoploitics,False,Report,Report,True,Feature,Article,False,Centrist or politically neutral,Progressive or left-wing,False,High,High,True,General Public,Informed Reader,False,Standard,Sophisticated,False,Positive,Neutral,False,0.0,0.0,missed:luis manuel otero alcantara(musician); missed:maykel osorbo castillo perez(musician); extra:luis manuel otero alcántara(musician); extra:maykel(musician); extra:castillo pérez(musician)
88,https://apnews.com/article/hong-kong-us-china-preferential-trade-b0a7e46fac0906bba975e3a1f52ebe7d,Geopolitics,Geoploitics,False,Report,Report,True,Article,Article,True,Centrist or politically neutral,Center-right,False,High,High,True,Informed Reader,Informed Reader,True,Sophisticated,Sophisticated,True,Neutral,Neutral,True,0.375,0.75,missed:donald trump(politician); extra:trump(company); extra:ap(company); extra:the treasury department(company); extra:the white house(company); extra:commerce ministry(company)
89,https://apnews.com/article/iran-us-hormuz-strait-war-july-20-2026-8b37952906cbec6351fdcc47a0fa6297,Geopolitics,Geoploitics,False,Report,Report,True,Breaking,Article,False,Centrist or politically neutral,Progressive or left-wing,False,High,High,True,Informed Reader,Informed Reader,True,Standard,Sophisticated,False,Negative,Negative,True,0.5714285714285714,0.5714285714285714,missed:mohammad javad zarif(politician); missed:masoud pezeshkian(politician); missed:mohsin naqvi(politician); extra:united kingdom maritime trade operations(company); extra:turki al-malki(politician); extra:state(company)
90,https://apnews.com/article/mali-rebels-soldiers-killed-captured-d10c035668be0eaf9174db4c89eca90b,Geopolitics,Geoploitics,False,Report,Report,True,Breaking,Article,False,Centrist or politically neutral,Center-left,False,Medium,High,False,General Public,Expert / Specialist,False,Standard,Sophisticated,False,Negative,Neutral,False,,,
91,https://apnews.com/article/north-korea-russia-putin-kim-jong-un-7c0300bcccee34019737095991ac40f5,Geopolitics,Geoploitics,False,Report,Report,True,Article,Article,True,Centrist or politically neutral,Progressive or left-wing,False,High,High,True,Informed Reader,Informed Reader,True,Standard,Sophisticated,False,Neutral,Neutral,True,0.8888888888888888,1.0,extra:yoon min ho(politician)
92,https://apnews.com/article/pakistan-militant-attacks-military-operation-northwest-taliban-4c22904b312ff716b56d0da91a1a7354,Geopolitics,Geoploitics,False,Report,Report,True,Breaking,Article,False,Centrist or politically neutral,Progressive or left-wing,False,Medium,High,False,General Public,Informed Reader,False,Standard,Sophisticated,False,Negative,Neutral,False,1.0,1.0,
93,https://apnews.com/article/philippines-south-china-sea-second-thomas-shoal-16650e191aaf373471720dbcba88b819,Geopolitics,Geoploitics,False,Report,Report,True,Breaking,Article,False,Centrist or politically neutral,Right-wing or conservative,False,High,High,True,Informed Reader,Informed Reader,True,Standard,Sophisticated,False,Negative,Negative,True,0.0,0.0,missed:wang yi(politician); extra:the department of national defense(company)
94,https://apnews.com/article/russia-ukraine-war-drones-missiles-zelenskyy-f42baa61109fcb43b7efabf5334c4f50,Geopolitics,Geoploitics,False,Report,Report,True,Breaking,Article,False,Centrist or politically neutral,Progressive or left-wing,False,High,High,True,Informed Reader,Informed Reader,True,Standard,Sophisticated,False,Negative,Neutral,False,0.7777777777777778,0.7777777777777778,missed:andrei vorobyov(politician); missed:alexander shuvayev(politician); extra:domodedovo(company); extra:sea ports authority(company)
95,https://apnews.com/article/somalia-pirates-yemen-tanker-827efb5b74d4aad62b4ff063420327e3,Geopolitics,Geoploitics,False,Report,Report,True,Breaking,Article,False,Centrist or politically neutral,Centrist or politically neutral,True,Low,High,False,General Public,Expert / Specialist,False,Standard,Sophisticated,False,Negative,Negative,True,0.0,,extra:ap(company); extra:the associated press(company); extra:the mt asana(company)
96,https://apnews.com/article/west-bank-israel-banks-cash-6b94c7ee9feb7f5dbc8dda30ca777da1,Geopolitics,Geoploitics,False,Explainer,Report,False,Feature,Article,False,Centrist or politically neutral,Centrist or politically neutral,True,Medium,High,False,Informed Reader,Expert / Specialist,False,Standard,Sophisticated,False,Negative,Negative,True,0.18181818181818182,0.5,missed:bezalel smotrich(politician); missed:al-huda group(company); extra:the associated press(company); extra:the bank of israel(company); extra:the palestinian monetary authority(company); extra:the palestinian authority(company); extra:bezalel smotrich ‘s(politician); extra:international monetary fund(company); extra:the al-huda group(company); extra:jaber(executive); extra:al-huda(company)
97,https://apnews.com/article/yemen-saudi-arabia-maritime-embargo-fd7c4a3911f7eee18251483fc8af768c,Geopolitics,Geoploitics,False,Report,Report,True,Breaking,Article,False,Centrist or politically neutral,Progressive or left-wing,False,High,High,True,Informed Reader,Expert / Specialist,False,Standard,Sophisticated,False,Negative,Negative,True,0.5,0.5,missed:ali khamenei(politician); extra:turki al-malki(politician)
98,https://www.npr.org/2026/07/14/nx-s1-5893438/venezuelas-democracy-delayed,Geopolitics,Geoploitics,False,Analysis,Report,False,Feature,Article,False,Centrist or politically neutral,Progressive or left-wing,False,High,High,True,Informed Reader,Informed Reader,True,Standard,Sophisticated,False,Negative,Neutral,False,0.1111111111111111,0.16666666666666666,missed:delcy rodriguez(politician); missed:nicolas maduro(politician); missed:maria corina machado(politician); missed:edmundo gonzalez(politician); missed:henry alviarez(politician); extra:delcy rodríguez(politician); extra:nicolás maduro(politician); extra:maría corina machado(politician); extra:edmundo gonzález(politician); extra:alviarez(politician); extra:josé rolón(politician); extra:henry alviárez(politician); extra:rosa cucunuba(politician)
99,https://www.healthline.com/health-news/are-wellness-peptide-injectables-safe,Lifestyle,Lifestyle,True,Explainer,Report,False,Feature,Article,False,Centrist or politically neutral,Progressive or left-wing,False,Low,Medium,False,Informed Reader,Informed Reader,True,Standard,Accessible,False,Negative,Neutral,False,0.0,0.0,missed:robert f. kennedy jr.(politician); extra:the food and drug administration(company); extra:health and human services(company); extra:rfk jr.(politician); extra:prp(sports_team)
100,https://www.healthline.com/health-news/dietary-guidelines-new-food-pyramid,Lifestyle,Lifestyle,True,Analysis,Report,False,Analysis,Article,False,Centrist or politically neutral,Centrist or politically neutral,True,Medium,High,False,Informed Reader,Expert / Specialist,False,Standard,Sophisticated,False,Neutral,Neutral,True,,0.0,missed:robert f. kennedy jr.(politician)
101,https://www.healthline.com/health-news/wellness-stacking-self-care-trend-healthy-habits,Lifestyle,Lifestyle,True,Report,Report,True,Article,Article,True,Centrist or politically neutral,Centrist or politically neutral,True,Low,Medium,False,General Public,Professional,False,Standard,Accessible,False,Positive,Neutral,False,,0.0,missed:andrea gleim(executive); missed:mindfully mine counseling center(company); missed:serenium therapy and wellness(company); missed:tiktok(company)
102,https://www.healthline.com/health/benefits-of-journaling,Lifestyle,Lifestyle,True,Guide,Report,False,Article,Article,True,Centrist or politically neutral,Right-wing or conservative,False,Low,Medium,False,General Public,General Public,True,Accessible,Accessible,True,Positive,Neutral,False,,,
103,https://www.healthline.com/health/festival-preparation,Lifestyle,Technology,False,Guide,Report,False,Article,Article,True,Centrist or politically neutral,Centrist or politically neutral,True,Low,Low,True,General Public,Informed Reader,False,Accessible,Sophisticated,False,Positive,Neutral,False,,,
104,https://www.healthline.com/health/home-remedies,Lifestyle,Lifestyle,True,Explainer,Report,False,Article,Article,True,Centrist or politically neutral,Centrist or politically neutral,True,Low,Medium,False,General Public,Informed Reader,False,Standard,Sophisticated,False,Positive,Neutral,False,0.0,,extra:vick(company); extra:qutenza(company)
105,https://www.healthline.com/health/tips-we-learned-from-our-mom,Lifestyle,Lifestyle,True,Guide,Report,False,Feature,Article,False,Centrist or politically neutral,Centrist or politically neutral,True,Low,Medium,False,General Public,Informed Reader,False,Accessible,Sophisticated,False,Positive,Neutral,False,,,
106,https://www.healthline.com/nutrition/13-habits-linked-to-a-long-life,Lifestyle,Lifestyle,True,Guide,Report,False,Article,Article,True,Centrist or politically neutral,Progressive or left-wing,False,Low,High,False,General Public,Informed Reader,False,Standard,Sophisticated,False,Positive,Positive,True,,,
107,https://www.healthline.com/nutrition/benefits-of-dates,Lifestyle,Lifestyle,True,Explainer,Report,False,Article,Article,True,Centrist or politically neutral,Centrist or politically neutral,True,Low,High,False,General Public,Informed Reader,False,Standard,Accessible,False,Positive,Neutral,False,,,
108,https://www.healthline.com/nutrition/how-to-eat-healthy-guide,Lifestyle,Lifestyle,True,Guide,Report,False,Article,Article,True,Centrist or politically neutral,Progressive or left-wing,False,Low,Medium,False,General Public,Informed Reader,False,Standard,Accessible,False,Positive,Neutral,False,,,
109,https://www.nbcnews.com/select/shopping/best-fitness-tracker-rcna353372,Lifestyle,Technology,False,Review,Report,False,Article,Article,True,Centrist or politically neutral,Centrist or politically neutral,True,Low,Medium,False,General Public,Informed Reader,False,Standard,Sophisticated,False,Positive,Neutral,False,0.14285714285714285,0.125,"missed:garmin(company); missed:fitbit(company); missed:apple(company); missed:zepp(company); missed:google(company); missed:oura(company); wrong_role:whoop(gt=company,pred=athlete); extra:google health premium(company); extra:gemini(company); extra:the oura ring 5(company); extra:the selection(company); extra:the amazfit active 2(company)"
110,https://www.nbcnews.com/select/shopping/best-wellness-awards-products-2026-rcna264334,Lifestyle,Lifestyle,True,Review,Report,False,Article,Article,True,Centrist or politically neutral,Centrist or politically neutral,True,Low,Low,True,General Public,Informed Reader,False,Standard,Sophisticated,False,Positive,Positive,True,0.2,0.23333333333333334,missed:brooks(company); missed:on(company); missed:nike(company); missed:quince(company); missed:stretch your story(company); missed:offline by aerie(company); missed:owala(company); missed:corkcicle(company); missed:therabody(company); missed:apple(company); missed:google(company); missed:oura(company); missed:suunto(company); missed:loop(company); missed:ozlo(company); missed:spotify(company); missed:canopy(company); missed:lake pajamas(company); missed:acaderma(company); missed:slip(company); missed:theraice(company); missed:oral-b(company); missed:crest(company); extra:amazon(company); extra:cloudtec(company); extra:criss-cross(company); extra:aerie(company); extra:gemini(company); extra:nbc select wellness awards(company); extra:the selection(company); extra:mili godio(athlete); extra:zoe malin(athlete); extra:the nike vomero plus(company); extra:malin(athlete); extra:godio(company); extra:buttermelt(company); extra:godio’s(company); extra:seo(company); extra:the on elite run sock(company); extra:morris(athlete); extra:ai(company); extra:airpod(company); extra:the google pixel buds(company); extra:suunto wing 2(company); extra:the hatch restore(company); extra:asmr(company); extra:hsa/fsa(company); extra:dreammodal(company); extra:velcro(company); extra:the waterpik cordless advanced(company); extra:crest whitestrips(company)
111,https://apnews.com/article/hungary-probe-byd-deal-szijjarto-2aaa8f568762e2cd92dd1c65bd3c59bd,Politics,Business,False,Report,Report,True,Article,Article,True,Center-left,Right-wing or conservative,False,High,High,True,Professional,Expert / Specialist,False,Sophisticated,Sophisticated,True,Negative,Neutral,False,0.2,0.4,missed:peter szijjarto(politician); missed:peter magyar(politician); missed:viktor orban(politician); extra:ap(company); extra:parliament(company); extra:péter magyar(politician); extra:péter szijjártó(politician); extra:viktor orbán(politician); extra:eu(company); extra:péter szijjártó’s(politician); extra:european union(company)
112,https://www.cnbc.com/2026/07/17/economic-outlook-is-worsening-and-trump-is-getting-blamed-cnbc-survey-finds.html,Politics,Business,False,Report,Report,True,Article,Article,True,Centrist or politically neutral,Right-wing or conservative,False,High,High,True,General Public,Informed Reader,False,Standard,Sophisticated,False,Negative,Negative,True,0.6666666666666666,0.6666666666666666,missed:public opinion strategies(company); extra:campbell(company)
113,https://www.foxnews.com/opinion/sens-james-lankford-maggie-hassan-congress-suffer-shutdown-pain-american-people,Politics,Politics,True,Opinion,Report,False,Analysis,Article,False,Centrist or politically neutral,Progressive or left-wing,False,High,High,True,Informed Reader,Informed Reader,True,Standard,Sophisticated,False,Negative,Neutral,False,0.25,0.5,missed:james lankford(politician); extra:tsa(company); extra:the small business administration(company); extra:house(company)
114,https://www.foxnews.com/politics/2028-dem-hopefuls-torched-webinars-teaching-illegal-immigrants-defy-ice,Politics,Politics,True,Report,Report,True,Breaking,Article,False,Right-wing or conservative,Progressive or left-wing,False,High,High,True,Informed Reader,Expert / Specialist,False,Standard,Sophisticated,False,Negative,Neutral,False,0.4,1.0,extra:mullins(politician); extra:instagram(company); extra:rob bonta(politician); extra:dan goldman(politician); extra:karen bass(politician); extra:diana crofts-pelayo(politician)
115,https://www.foxnews.com/politics/biden-judge-overruled-key-trump-immigration-policy,Politics,Technology,False,Report,Report,True,Breaking,Article,False,Right-wing or conservative,Center-right,False,High,High,True,Informed Reader,Informed Reader,True,Sophisticated,Sophisticated,True,Positive,Neutral,False,0.0,0.0,missed:donald trump(politician); missed:justin walker(politician); missed:james percival(politician); extra:the d.c. circuit(sports_team); extra:jia cobb(politician); extra:biden(politician); extra:walker(politician)
116,https://www.foxnews.com/politics/fox-news-poll-disapproval-ice-rise,Politics,Politics,True,Report,Report,True,Breaking,Article,False,Centrist or politically neutral,Right-wing or conservative,False,High,High,True,Informed Reader,Informed Reader,True,Standard,Accessible,False,Negative,Neutral,False,0.4,0.6666666666666666,missed:donald trump(politician); extra:trump(politician); extra:american community survey(company); extra:fox news voter analysis(company)
117,https://www.foxnews.com/politics/fox-news-poll-early-look-2026-midterms,Politics,Politics,True,Report,Report,True,Breaking,Article,False,Centrist or politically neutral,Right-wing or conservative,False,High,High,True,Informed Reader,Informed Reader,True,Standard,Sophisticated,False,Neutral,Neutral,True,0.25,0.3333333333333333,missed:beacon research(company); missed:shaw & company research(company); extra:daron shaw(politician); extra:american community survey(company); extra:fox news voter analysis(company)
118,https://www.foxnews.com/politics/trump-reverses-dhs-policy-orders-ice-resume-vehicle-stops-after-one-day-pause,Politics,Politics,True,Report,Report,True,Breaking,Article,False,Right-wing or conservative,Progressive or left-wing,False,High,High,True,General Public,Informed Reader,False,Standard,Sophisticated,False,Neutral,Neutral,True,0.25,1.0,extra:markwayne mullin(politician); extra:joe biden(politician); extra:fox news'(company)
119,https://www.foxnews.com/politics/trump-scores-victory-despite-growing-gop-divide-senate-passes-70-billion-ice-border-patrol-funding-package,Politics,Politics,True,Report,Report,True,Breaking,Article,False,Center-right,Right-wing or conservative,False,High,High,True,Informed Reader,Informed Reader,True,Standard,Sophisticated,False,Positive,Neutral,False,0.2,1.0,extra:passage(politician); extra:todd blanche(politician); extra:gop leverages ice funding package(company); extra:susan collins(politician); extra:jon husted(politician); extra:dan sullivan(politician); extra:john kennedy(politician); extra:bill cassidy(politician); extra:thom tillis(politician); extra:lindsey graham(politician); extra:house(company); extra:retreat(company)
120,https://www.foxnews.com/us/ice-makes-nationwide-arrests-illegal-immigrants-murderers-pedophiles-holiday-blitz,Politics,Technology,False,Report,Report,True,Breaking,Article,False,Right-wing or conservative,Centrist or politically neutral,False,High,High,True,General Public,Expert / Specialist,False,Standard,Sophisticated,False,Positive,Negative,False,0.3333333333333333,0.5,missed:donald trump(politician); extra:trump(politician); extra:markwayne mullin(politician)
121,https://www.npr.org/2026/01/31/nx-s1-5694716/partial-government-shutdown,Politics,Politics,True,Explainer,Report,False,Article,Article,True,Centrist or politically neutral,Center-right,False,High,High,True,General Public,Informed Reader,False,Standard,Sophisticated,False,Neutral,Neutral,True,0.0,,extra:trump(politician); extra:mike johnson(politician); extra:james lankford(politician); extra:markwayne mullin(politician); extra:ximena bustillo(politician); extra:barbara sprunt(politician); extra:sam gringlas(politician)
122,https://www.npr.org/2026/02/03/g-s1-108506/house-vote-end-government-shutdown,Politics,Politics,True,Report,Report,True,Breaking,Article,False,Centrist or politically neutral,Centrist or politically neutral,True,High,High,True,Informed Reader,Informed Reader,True,Standard,Sophisticated,False,Neutral,Neutral,True,0.0,0.0,missed:donald trump(politician); extra:trump(politician); extra:the department of homeland security(company); extra:renee macklin good(politician); extra:alex pretti(politician); extra:john thune(politician)
123,https://www.npr.org/2026/03/25/g-s1-115106/dhs-funding-tsa-congress-stalled,Politics,Politics,True,Analysis,Report,False,Analysis,Article,False,Centrist or politically neutral,Center-right,False,High,High,True,Informed Reader,Informed Reader,True,Standard,Sophisticated,False,Negative,Neutral,False,0.0,0.0,missed:donald trump(politician); extra:tsa(company); extra:chuck schumer(politician); extra:tim kaine(politician); extra:john thune(politician); extra:mike lee(politician); extra:lindsey graham(politician); extra:caitlyn kim(politician)
124,https://www.npr.org/2026/04/01/nx-s1-5770566/dhs-shutdown-congress-republicans,Politics,Politics,True,Report,Report,True,Breaking,Article,False,Centrist or politically neutral,Right-wing or conservative,False,High,High,True,Informed Reader,Informed Reader,True,Standard,Sophisticated,False,Neutral,Neutral,True,0.2857142857142857,0.6666666666666666,missed:donald trump(politician); extra:the department of homeland security(company); extra:trump(politician); extra:chuck schumer(politician); extra:scott perry(politician); extra:x.(politician)
125,https://www.npr.org/2026/04/30/nx-s1-5806054/congress-dhs-shutdown,Politics,Politics,True,Report,Report,True,Breaking,Article,False,Centrist or politically neutral,Right-wing or conservative,False,High,High,True,Informed Reader,Informed Reader,True,Standard,Sophisticated,False,Neutral,Neutral,True,0.5,1.0,extra:homeland security markwayne mullin(company); extra:fox news(company)
126,https://www.npr.org/2026/05/24/nx-s1-5815007/religious-leaders-lawmakers-push-for-1-billion-to-secure-houses-of-worship,Politics,Religion,False,Report,Report,True,Article,Article,True,Centrist or politically neutral,Progressive or left-wing,False,High,High,True,Informed Reader,Informed Reader,True,Standard,Sophisticated,False,Neutral,Neutral,True,0.3333333333333333,1.0,extra:tsa(company); extra:the jewish federations of north america(company); extra:dhs(company); extra:the office of external affairs(company); extra:jen lader(politician); extra:victoria barton(politician)
127,https://www.npr.org/2026/07/15/nx-s1-5894580/trump-elections-primetime-address,Politics,Politics,True,Report,Report,True,Breaking,Article,False,Center-left,Center-right,False,High,High,True,General Public,Informed Reader,False,Standard,Sophisticated,False,Neutral,Neutral,True,0.2,1.0,extra:immigration and customs enforcement(company); extra:newsmax(company); extra:spencer pratt(politician); extra:hillary clinton(politician); extra:tulsi gabbard(politician); extra:wes moore(politician); extra:jon ossoff(politician); extra:keisha lance bottoms(politician)
128,https://religionnews.com/2026/06/24/five-faith-leaders-on-what-it-means-to-belong-in-america/,Religion,Religion,True,Report,Report,True,Feature,Article,False,Centrist or politically neutral,Center-right,False,High,High,True,General Public,Informed Reader,False,Standard,Sophisticated,False,Neutral,Neutral,True,0.0,0.0,missed:raphael warnock(politician); extra:suarez(politician)
129,https://religionnews.com/2026/06/30/trumps-religious-liberty-commission-publishes-draft-report-detailing-christian-persecution/,Religion,Religion,True,Analysis,Report,False,Analysis,Article,False,Center-left,Right-wing or conservative,False,High,High,True,Informed Reader,Informed Reader,True,Standard,Advanced,False,Negative,Neutral,False,0.5,1.0,extra:paul brandeis raushenbush(executive)
130,https://religionnews.com/2026/07/15/if-the-church-doesnt-rise-up-for-the-disabled-who-will/,Religion,Religion,True,Opinion,Report,False,Analysis,Article,False,Center-left,Progressive or left-wing,False,Medium,High,False,Informed Reader,Informed Reader,True,Sophisticated,Sophisticated,True,Negative,Neutral,False,0.0,,extra:doj) office of legal counsel(company); extra:ada(company); extra:nadia ibrahim mossburg(politician)
131,https://www.npr.org/2026/02/16/nx-s1-5708761/ramadan-in-cairo-blends-the-old-and-the-new,Religion,Religion,True,Explainer,Report,False,Feature,Article,False,Centrist or politically neutral,Progressive or left-wing,False,Low,Medium,False,General Public,Expert / Specialist,False,Accessible,Sophisticated,False,Positive,Neutral,False,,,
132,https://www.npr.org/2026/03/17/nx-s1-5743984/mamdanis-public-observance-of-ramadan-highlights-islam-in-nyc,Religion,Religion,True,Report,Report,True,Feature,Article,False,Center-left,Center-right,False,High,High,True,General Public,Expert / Specialist,False,Standard,Sophisticated,False,Negative,Neutral,False,0.3333333333333333,0.75,missed:donald trump(politician); extra:mary louise kelly(politician); extra:trump(politician); extra:sid rosenberg(politician); extra:abc news(company); extra:david muir(politician); extra:khalid latif(politician)
133,https://www.npr.org/2026/03/18/nx-s1-5751787/mamdani-put-ramadan-at-the-center-of-nycs-cultural-life-bringing-joy-and-a-backlash,Religion,Religion,True,Report,Report,True,Feature,Article,False,Center-left,Progressive or left-wing,False,High,High,True,General Public,Expert / Specialist,False,Standard,Sophisticated,False,Negative,Neutral,False,0.5714285714285714,0.8,missed:donald trump(politician); extra:trump(politician); extra:sid rosenberg(politician); extra:jail(politician)
134,https://www.npr.org/2026/05/09/nx-s1-5810635/the-aftermath-is-just-devastating-temple-israel-rebuilds-after-terror-attack,Religion,Religion,True,Report,Report,True,Feature,Article,False,Centrist or politically neutral,Right-wing or conservative,False,Medium,High,False,General Public,Informed Reader,False,Standard,Sophisticated,False,Negative,Negative,True,,,
135,https://www.npr.org/2026/06/26/nx-s1-5863059/religious-leaders-have-been-talking-about-aliens-for-much-longer-than-you-think,Religion,Religion,True,Explainer,Report,False,Feature,Article,False,Centrist or politically neutral,Right-wing or conservative,False,Low,High,False,General Public,Informed Reader,False,Standard,Sophisticated,False,Neutral,Neutral,True,0.6666666666666666,0.6666666666666666,missed:disclosure day(movie_or_tv_show); extra:robert mcelroy(politician)
136,https://www.npr.org/2026/07/02/g-s1-131791/what-to-know-about-the-society-of-st-pius-x-the-schismatic-group-excommunicated-by-the-pope,Religion,Religion,True,Explainer,Report,False,Feature,Article,False,Centrist or politically neutral,Centrist or politically neutral,True,Low,High,False,Informed Reader,Informed Reader,True,Standard,Sophisticated,False,Negative,Neutral,False,0.0,,extra:john paul ii(politician); extra:christus vincit(musician)
137,https://www.npr.org/2026/07/02/nx-s1-5877386/vatican-declares-the-society-of-st-pius-x-is-in-schism-excommunicating-its-bishops,Religion,Religion,True,Report,Report,True,Breaking,Article,False,Centrist or politically neutral,Right-wing or conservative,False,Low,High,False,General Public,Informed Reader,False,Standard,Sophisticated,False,Negative,Neutral,False,,,
138,https://www.espn.com/espn/story/_/id/49339706/2026-fifa-world-cup-recap-july-11-argentina-switzerland-england-norway,Sports,Sports,True,Report,Report,True,Game Recap,Article,False,Centrist or politically neutral,Progressive or left-wing,False,Low,Medium,False,General Public,Expert / Specialist,False,Standard,Sophisticated,False,Neutral,Neutral,True,0.3333333333333333,0.5333333333333333,"missed:emiliano martínez(athlete); wrong_role:erling haaland(gt=athlete,pred=sports_team); missed:argentina(sports_team); missed:switzerland(sports_team); missed:england(sports_team); missed:norway(sports_team); missed:2026 fifa world cup(sporting_event); extra:the 2026 world cup(sporting_event); extra:ndoye 67'(sports_team); extra:emiliano martínez's(athlete); extra:var(sports_team); extra:leandro paredes(athlete); extra:thiago almada(athlete); extra:nyland(sports_team); extra:gregor kobel(athlete); extra:world cup(sporting_event); extra:alexander sorloth(athlete); extra:sorloth(athlete); extra:lone(sports_team); extra:john stones(athlete); extra:fifa(sports_team); extra:torbjorn heggem's(sports_team)"
139,https://www.espn.com/golf/story/_/id/49393127/open-championship-2026-live-latest-updates-final-round-leaderboard-royal-birkdale-golf-rory-mcilroy-scottie-scheffler-tommy-fleetwood-bryson-dechambeau-lucas-herbert-sam-burns,Sports,Sports,True,Report,Report,True,Breaking,Article,False,Centrist or politically neutral,Right-wing or conservative,False,Low,Low,True,Informed Reader,Informed Reader,True,Standard,Sophisticated,False,Positive,Neutral,False,0.8333333333333334,0.9090909090909091,"missed:the open championship(sporting_event); extra:espn(sports_team); extra:royal birkdale
-(sports_team)"
140,https://www.espn.com/mlb/recap/_/gameId/401816143,Sports,Sports,True,Report,Report,True,Game Recap,Article,False,Centrist or politically neutral,Centrist or politically neutral,True,Low,Low,True,General Public,Professional,False,Standard,Sophisticated,False,Neutral,Neutral,True,0.48,0.8,missed:kyle schwarber(athlete); missed:new york mets(sports_team); missed:philadelphia phillies(sports_team); extra:the new york mets(sports_team); extra:the philadelphia phillies 4-1(sports_team); extra:andy green(athlete); extra:rbi(sports_team); extra:phillies 4-1(sports_team); extra:scott(sports_team); extra:kyle schwarber’s(athlete); extra:don mattingly(athlete); extra:zack short(athlete); extra:semien(athlete); extra:il(sports_team); extra:ap mlb(sports_team); extra:https://apnews.com/hub/mlb(sports_team)
141,https://www.espn.com/mlb/story/_/id/49350376/mlb-draft-2026-recap-kiley-mcdaniel-analysis-all-30-teams,Sports,Sports,True,Analysis,Report,False,Off-Field News,Article,False,Centrist or politically neutral,Right-wing or conservative,False,Low,Medium,False,Professional,Informed Reader,False,Sophisticated,Sophisticated,True,Neutral,Neutral,True,0.015723270440251572,0.625,"missed:arizona diamondbacks(sports_team); missed:athletics(sports_team); missed:chicago cubs(sports_team); extra:a(sports_team); extra:hirschkorn(athlete); extra:braves(sports_team); extra:cubs(sports_team); extra:orioles(sports_team); extra:booth(athlete); extra:jake schaffner(athlete); extra:shelar(sports_team); extra:volchko(athlete); extra:becker(athlete); extra:lebron(athlete); extra:horn(athlete); extra:norby(athlete); extra:peterson(athlete); extra:lsu(sports_team); extra:lowrance(sports_team); extra:the chicago white sox(sports_team); extra:american league(sports_team); extra:ath(sports_team); extra:bal(sports_team); extra:chw(sports_team); extra:cle(sports_team); extra:hou(sports_team); extra:tb(sports_team); extra:tor(sports_team); extra:national league(sports_team); extra:ari(sports_team); extra:atl(sports_team); extra:chc(sports_team); extra:cin(sports_team); extra:mia(sports_team); extra:stl(sports_team); extra:wsh(sports_team); extra:cody boshell(athlete); extra:blake bryant(athlete); extra:helfrick(athlete); extra:bryant(athlete); extra:carson kerce(athlete); extra:brayden dowd(athlete); extra:usc(sports_team); extra:edwards(athlete); extra:drew burress(athlete); extra:georgia tech(sports_team); extra:jacob dudan(athlete); extra:ucl(sports_team); extra:dudan(sports_team); extra:burress(sports_team); extra:gabe gaeckle(athlete); extra:roman martin(athlete); extra:alex hernandez(athlete); extra:cam caminiti(athlete); extra:aj gracia(athlete); extra:kaiden mccarthy(athlete); extra:carter beck(athlete); extra:mccarthy(athlete); extra:nos(sports_team); extra:eric booth jr.(athlete); extra:roberts jr.(athlete); extra:roberts(athlete); extra:ss(sports_team); extra:will plunkett(athlete); extra:dominic voegele(athlete); extra:martin shelar(athlete); extra:the red sox(sports_team); extra:jace mataczynski(athlete); extra:bosox(sports_team); extra:mataczynski(sports_team); extra:rhp kaleb lafavor(athlete); extra:isaac morton(athlete); extra:rhp cade townsend(athlete); extra:sec(sports_team); extra:myles bailey(athlete); extra:bailey(sports_team); extra:townsend(athlete); extra:jameson taillon(athlete); extra:cade horton(athlete); extra:rhp carson jasa(athlete); extra:joey volchko(athlete); extra:stanford(sports_team); extra:cholowsky(athlete); extra:landon thome(athlete); extra:jim(athlete); extra:prosek, volchko(sports_team); extra:alex weingartner(athlete); extra:weingartner(sports_team); extra:cincinnati reds(sports_team); extra:eric becker(athlete); extra:justin lebron(athlete); extra:mulivai levu(athlete); extra:rhp ty horn(athlete); extra:ethan norby(athlete); extra:levu(athlete); extra:duncan marsten(athlete); extra:marsten(athlete); extra:griffin(athlete); extra:reds(sports_team); extra:dylan bowen(athlete); extra:cleveland guardians(sports_team); extra:liam peterson(athlete); extra:kade lewis(athlete); extra:sims(sports_team); extra:logan schmidt(athlete); extra:guardians(sports_team); extra:cf lucas moore(sports_team); extra:deiten lachance(athlete); extra:daniel jackson(athlete); extra:jackson(athlete); extra:the cape cod league(sports_team); extra:tyler bell(athlete); extra:putnam(sports_team); extra:logan reddeman(athlete); extra:jack natili(athlete); extra:rhp garrett lambert(athlete); extra:reddemann(sports_team); extra:natili(sports_team); extra:lambert(sports_team); extra:mercer(athlete); extra:detroit tigers(sports_team); extra:will adams(athlete); extra:adams(athlete); extra:cameron flukey(athlete); extra:flukey(sports_team); extra:tyson leblanc(athlete); extra:evan dempsey(athlete); extra:leblanc(athlete); extra:dempsey(athlete); extra:dominic pellegrin(athlete); extra:dustin dunwoody(athlete); extra:robert omidi(athlete); extra:will zielinski(athlete); extra:houston astros(sports_team); extra:beau peterson(athlete); extra:jack radel(athlete); extra:radel(athlete); extra:wes mendes(athlete); extra:keon johnson(athlete); extra:xavier neyens(athlete); extra:kansas city royals(sports_team); extra:justin leguernic(athlete); extra:tommy john(athlete); extra:sweepy power(sports_team); extra:jack slightom(athlete); extra:dominic battista(athlete); extra:cf zion rose(sports_team); extra:ethan mcelvain(athlete); extra:dylan vigue(athlete); extra:johnson(athlete); extra:gavin grahovac(athlete); extra:advincula(athlete); extra:grahovac(sports_team); extra:rylan lujo(athlete); extra:jaxon willits(athlete); extra:c/cf(sports_team); extra:garrett wright(athlete); extra:lujo(athlete); extra:willits(athlete); extra:eli(sports_team); extra:wright(athlete); extra:angels(sports_team); extra:gm(sports_team); extra:john mozaliek(athlete); extra:los angeles dodgers(sports_team); extra:lhp carson bolemon(athlete); extra:bolemon(athlete); extra:freddie freeman(sports_team); extra:bp(sports_team); extra:russell sandefer(athlete); extra:the florida gators(sports_team); extra:gavin van kempen(athlete); extra:trey yesavage(athlete); extra:tatsuya imai(athlete); extra:ethan sutton(athlete); extra:dodgers(sports_team); extra:kyle tucker(athlete); extra:edwin diaz(athlete); extra:jacob lombard(athlete); extra:yankees(sports_team); extra:george sr.(athlete); extra:tigers(sports_team); extra:ethan holliday(athlete); extra:ethan kleinschmit(athlete); extra:rhp ryan peterson(athlete); extra:kleinschmit(sports_team); extra:wessley roberson(athlete); extra:camden kozeal(athlete); extra:trey beard(athlete); extra:eric guevara(athlete); extra:rintaro sasaki(athlete); extra:roberson(athlete); extra:milwaukee brewers(sports_team); extra:sawyer strosnider(athlete); extra:aidan knaak(athlete); extra:brewers(sports_team); extra:julian garcia(athlete); extra:trey ebel(athlete); extra:brady(athlete); extra:dino(athlete); extra:minnesota twins(sports_team); extra:ethan wachsmann(athlete); extra:vahn lackey(athlete); extra:carson tinney(athlete); extra:brett renfrow(athlete); extra:rhp tommy lapour(athlete); extra:rhp thomas burns(athlete); extra:new york mets(sports_team); extra:aiden robbins(athlete); extra:alex petrovic(athlete); extra:shane sdao(athlete); extra:petrovic(athlete); extra:sdao(athlete); extra:luke mcneillie(athlete); extra:mets(sports_team); extra:carson wiggins(athlete); extra:robbins(athlete); extra:ryan tayman(athlete); extra:sean duncan(athlete); extra:hunter dietz(athlete); extra:paul contreras(athlete); extra:clarke schmidt(athlete); extra:duncan(athlete); extra:brendan brock(athlete); extra:c bear harrison(sports_team); extra:andrew gonzales(athlete); extra:philadelphia phillies(sports_team); extra:will gasparino(athlete); extra:ucla(sports_team); extra:dodgers vp(sports_team); extra:billy gasparino(athlete); extra:deven sheerin(athlete); extra:rhudy(athlete); extra:tyler spangler(athlete); extra:caden bogenpohl(athlete); extra:phillies(sports_team); extra:spangler(athlete); extra:bogenpohl(athlete); extra:aiden ruiz(athlete); extra:buccos(athlete); extra:derek curiel(athlete); extra:ryan marohn(athlete); extra:andruw giles(athlete); extra:marohn(athlete); extra:giles(athlete); extra:curiel(sports_team); extra:tre phelps(athlete); extra:spencer evans(athlete); extra:cf malachi(sports_team); extra:chris rembert(athlete); extra:rhp jason decaro(athlete); extra:san diego padres(sports_team); extra:elliot lascelles(athlete); extra:robbie lavey(athlete); extra:coleman borthwick(athlete); extra:auburn(sports_team); extra:padres(sports_team); extra:borthwick(athlete); extra:san francisco giants(sports_team); extra:bonds(sports_team); extra:barry(athlete); extra:kaden waechter(athlete); extra:flora(athlete); extra:waechter(athlete); extra:seattle mariners(sports_team); extra:henry ford(athlete); extra:ace reese(athlete); extra:andrew fischer(athlete); extra:reese(athlete); extra:fischer(athlete); extra:ryan wynn(athlete); extra:rhp nathan taylor(athlete); extra:wynn(athlete); extra:taylor(athlete); extra:rf jake brown(athlete); extra:mariners(sports_team); extra:brown(athlete); extra:st. louis cardinals(sports_team); extra:rocco maniscalco(athlete); extra:maniscalco(athlete); extra:cal randall(athlete); extra:randall(athlete); extra:andrew williamson(athlete); extra:ucf(sports_team); extra:williamson(athlete); extra:trevor condon(musician); extra:tegan kuhns(athlete); extra:dawson montesa(athlete); extra:caden ferraro(athlete); extra:dee kennedy(athlete); extra:jacob haley(athlete); extra:grady emerson(athlete); extra:emerson(sports_team); extra:ben blair(athlete); extra:blair(athlete); extra:rhp griffin long(athlete); extra:rice(athlete); extra:rhp logan georges(athlete); extra:gavin giese(athlete); extra:texas rangers(sports_team); extra:lhp brody bumila(athlete); extra:kolby branch(athlete); extra:connor comeau(athlete); extra:lhp gio rojas(athlete); extra:rangers(sports_team); extra:rojas(athlete); extra:toronto blue jays(sports_team); extra:santiago garcia(athlete); extra:garcia(athlete); extra:brayden martin(athlete); extra:washington nationals(sports_team); extra:luke williams(athlete); extra:williams(athlete); extra:chris hacopian(athlete); extra:cardinals(sports_team); extra:chase brunson(athlete)"
142,https://www.espn.com/nba-summer-league/recap/_/gameId/401881721/league/nba-summer-las-vegas,Sports,Sports,True,Report,Report,True,Game Recap,Article,False,Centrist or politically neutral,Progressive or left-wing,False,Low,Low,True,General Public,Professional,False,Standard,Sophisticated,False,Neutral,Neutral,True,0.6923076923076923,0.6923076923076923,missed:jahmi'us ramsey(athlete); missed:efe abogidi(athlete); missed:denver nuggets(sports_team); missed:toronto raptors(sports_team); extra:the denver nuggets(sports_team); extra:the toronto raptors(sporting_event); extra:nba(sports_team); extra:the thomas & mack center(sports_team)
143,https://www.espn.com/nfl/story/_/id/48947413/2026-nfl-trade-deadline-early-look-players-candidates-buzz-crosby-aiyuk-kamara,Sports,Sports,True,Analysis,Report,False,Off-Field News,Article,False,Centrist or politically neutral,Centrist or politically neutral,True,Low,High,False,Informed Reader,Informed Reader,True,Standard,Sophisticated,False,Neutral,Neutral,True,0.13793103448275862,0.5714285714285714,"missed:a.j. brown(athlete); missed:las vegas raiders(sports_team); missed:san francisco 49ers(sports_team); missed:new orleans saints(sports_team); missed:new england patriots(sports_team); missed:los angeles rams(sports_team); extra:nfl(sports_team); extra:new england(sports_team); extra:crosby(athlete); extra:raiders(sports_team); extra:cowboys(sports_team); extra:wr(sports_team); extra:rb(sports_team); extra:arizona cardinals(sports_team); extra:conner(athlete); extra:giants(sports_team); extra:aiyuk(sports_team); extra:niners(sports_team); extra:pitts(athlete); extra:saints(sports_team); extra:rattler(athlete); extra:shough(athlete); extra:kamara(athlete); extra:jones(athlete); extra:kayshon boutte(sports_team); extra:new england patriots
boutte(sports_team); extra:romeo doubs(athlete); extra:boutte(athlete); extra:james conner(athlete); extra:tyler allgeier(athlete); extra:notre dame(sports_team); extra:trey benson(athlete); extra:bengals(sports_team); extra:te(sports_team); extra:atlanta falcons(sports_team); extra:drake london(athlete); extra:bijan robinson(athlete); extra:falcons(sports_team); extra:isaiah(athlete); extra:charlie kolar(athlete); extra:spencer rattler(athlete); extra:tyler shough(athlete); extra:zach wilson(athlete); extra:sean payton(athlete); extra:josh sweat(athlete); extra:super bowl(sporting_event); extra:kendre miller(athlete); extra:audric estime(athlete); extra:ty chandler(athlete); extra:arvell reese(athlete); extra:reese(athlete); extra:brock purdy(athlete); extra:justin herbert(athlete); extra:chargers(sports_team); extra:joe burrow(athlete); extra:kyle shanahan(athlete)"
144,https://www.espn.com/nfl/story/_/id/49096789/2026-nfl-offseason-final-moves-trades-signings-extensions-32-teams,Sports,Business,False,Opinion,Report,False,Off-Field News,Article,False,Centrist or politically neutral,Progressive or left-wing,False,Low,Low,True,Informed Reader,Informed Reader,True,Standard,Sophisticated,False,Neutral,Neutral,True,0.0547945205479452,0.5,"missed:grant delpit(athlete); missed:buffalo bills(sports_team); missed:miami dolphins(sports_team); missed:new england patriots(sports_team); missed:baltimore ravens(sports_team); missed:cleveland browns(sports_team); missed:houston texans(sports_team); missed:indianapolis colts(sports_team); extra:nfl(sports_team); extra:brooks(athlete); extra:bengals(sports_team); extra:gonzalez(athlete); extra:bills(sports_team); extra:jackson(athlete); extra:giants(sports_team); extra:wagner(athlete); extra:porter(athlete); extra:steelers(sports_team); extra:richardson(athlete); extra:daniel jones(athlete); extra:dvoa(sports_team); extra:jones(athlete); extra:rice(athlete); extra:tuli tuipulotu(athlete); extra:rams(sports_team); extra:ari(sports_team); extra:atl(sports_team); extra:buf(sports_team); extra:cin(sports_team); extra:hou(sports_team); extra:ind(sports_team); extra:jax(sports_team); extra:mia(sports_team); extra:min
ne(sports_team); extra:nyg(sports_team); extra:wsh(sports_team); extra:torrence(athlete); extra:espn(sports_team); extra:larry ogunjobi(athlete); extra:ogunjobi(athlete); extra:ravens(sports_team); extra:demetrius knight jr.(athlete); extra:barrett carter(athlete); extra:bobby wagner(athlete); extra:okereke(athlete); extra:walter payton(athlete); extra:grant delpit
delpit(athlete); extra:sports info solutions(sports_team); extra:browns(athlete); extra:trent mcduffie(athlete); extra:sauce gardner(athlete); extra:shaq thompson(athlete); extra:jake hansen(athlete); extra:wade woodaz(athlete); extra:patriot marte mapu(athlete); extra:thompson(sports_team); extra:raider elandon roberts(athlete); extra:mapu(athlete); extra:jahlani tavai(athlete); extra:riley leonard(athlete); extra:parker washington(sports_team); extra:travis hunter(athlete); extra:kenny moore ii(athlete); extra:robert saleh(athlete); extra:gus bradley(athlete); extra:marcus harris(athlete); extra:moore(athlete); extra:brandon jones(athlete); extra:ja'quan mcmillian(athlete); extra:jahdae barron(athlete); extra:riley moss(athlete); extra:deebo samuel(athlete); extra:andy reid(athlete); extra:samuel(athlete); extra:reid(athlete); extra:stefon diggs(athlete); extra:josh allen(athlete); extra:drake maye(athlete); extra:fernando mendoza's(athlete); extra:espn analytics'(sports_team); extra:los angeles chargers(sports_team); extra:akheem mesidor(athlete); extra:khalil mack(athlete); extra:bud dupree(athlete); extra:tuipulotu(athlete); extra:derwin james jr.(athlete); extra:dee winters(athlete); extra:kayvon thibodeaux(athlete); extra:arvell reese(athlete); extra:moro ojomo
ojomo(sports_team); extra:milton williams(athlete); extra:ojomo(sports_team); extra:jalen carter(athlete); extra:dyami brown(athlete); extra:jayden daniels(athlete); extra:hill(athlete); extra:nfc north(sports_team); extra:joey bosa(athlete); extra:austin booker(athlete); extra:dayo odeyingbo(athlete); extra:bosa(athlete); extra:brian branch(athlete); extra:sam laporta(athlete); extra:jack campbell(athlete); extra:jahmyr gibbs(athlete); extra:laporta(athlete); extra:gibbs(athlete); extra:jadeveon clowney(athlete); extra:lukas van ness(athlete); extra:micah parsons(athlete); extra:parsons (acl(sports_team); extra:clowney(athlete); extra:haason reddick(athlete); extra:turner(sports_team); extra:andrew van ginkel(athlete); extra:tyrion ingram-dawkins(athlete); extra:bo richter(athlete); extra:reddick(athlete); extra:t.j. watt(athlete); extra:brian flores(athlete); extra:jessie bates iii(athlete); extra:falcons(sports_team); extra:bates(athlete); extra:daquan jones(athlete); extra:wharton(athlete); extra:labryan ray(athlete); extra:jared harrison-hunte(athlete); extra:tyson(athlete); extra:tyler shough(athlete); extra:drake london(athlete); extra:baker mayfield(athlete); extra:malik willis(athlete); extra:nfc(sports_team); extra:arizona cardinals
trade(sports_team); extra:josh sweat(athlete); extra:jonathan gannon(athlete); extra:cardinals(sports_team); extra:gannon(athlete); extra:kevin dotson(athlete); extra:dotson(athlete); extra:steve avila(athlete); extra:avila(athlete); extra:brandon aiyuk
aiyuk(athlete); extra:leonard williams(athlete); extra:williams(athlete); extra:espn research(sports_team)"
145,https://www.espn.com/nfl/story/_/id/49147104/nfl-offseason-grades-2026-free-agency-draft-trades-extensions-coaching-changes,Sports,Business,False,Review,Report,False,Off-Field News,Article,False,Centrist or politically neutral,Centrist or politically neutral,True,Low,High,False,Professional,Informed Reader,False,Sophisticated,Sophisticated,True,Positive,Neutral,False,0.013888888888888888,0.3333333333333333,"missed:a.j. brown(athlete); missed:malik willis(athlete); missed:de'von achane(athlete); missed:dj moore(athlete); missed:myles garrett(athlete); missed:philadelphia eagles(sports_team); missed:los angeles chargers(sports_team); missed:miami dolphins(sports_team); missed:chicago bears(sports_team); missed:cleveland browns(sports_team); extra:nfl(sports_team); extra:raiders(sports_team); extra:the super bowl(sporting_event); extra:browns(athlete); extra:gm(company); extra:willis(athlete); extra:garrett(athlete); extra:mvp(sports_team); extra:watson(athlete); extra:walker(athlete); extra:carolina(sports_team); extra:lawrence(athlete); extra:bengals(company); extra:crosby(athlete); extra:murray(athlete); extra:chiefs(sports_team); extra:mcduffie(athlete); extra:cowboys(sports_team); extra:ari(sports_team); extra:atl(sports_team); extra:buf(sports_team); extra:cin(sports_team); extra:hou(sports_team); extra:ind(sports_team); extra:jax(sports_team); extra:min
ne(sports_team); extra:nyg(sports_team); extra:wsh(sports_team); extra:howie roseman(athlete); extra:brown(athlete); extra:eagle(sports_team); extra:makai lemon(athlete); extra:jonathan greenard(athlete); extra:jaelan phillips(athlete); extra:quinyon mitchell(athlete); extra:pat surtain ii(athlete); extra:mcdaniel(athlete); extra:greg roman(athlete); extra:justin herbert(athlete); extra:rashawn slater(athlete); extra:james(athlete); extra:odafe oweh(company); extra:akheem mesidor(athlete); extra:mack(athlete); extra:mesidor(athlete); extra:tuli tuipulotu(athlete); extra:tyler biadasz(athlete); extra:jake slaughter(athlete); extra:biadasz(athlete); extra:bradley bozeman(athlete); extra:zion johnson(athlete); extra:elgton jenkins(athlete); extra:isaac seumalo(athlete); extra:tua tagovailoa(athlete); extra:packers(athlete); extra:jeff hafley(athlete); extra:jon-eric sullivan(athlete); extra:jaylen waddle(athlete); extra:waddle(athlete); extra:malik washington(athlete); extra:jalen tolbert(athlete); extra:tutu atwell(athlete); extra:chris bell(athlete); extra:acl(sports_team); extra:caleb douglas(athlete); extra:kevin coleman jr.(athlete); extra:moore(athlete); extra:ben johnson(athlete); extra:drew dalman(athlete); extra:dalman(athlete); extra:garrett bradbury(athlete); extra:logan jones(athlete); extra:kevin byard(athlete); extra:jaquan brisker(athlete); extra:nahshon wright(athlete); extra:coby bryant(athlete); extra:dillon thieneman(athlete); extra:caleb williams(athlete); extra:myles garrett
move(athlete); extra:kevin stefanski(athlete); extra:todd monken(athlete); extra:monken(athlete); extra:spencer fano(athlete); extra:jenkins(athlete); extra:johnson(athlete); extra:deshaun watson(athlete); extra:shedeur sanders(sports_team); extra:spencer rattler(athlete); extra:sanders(athlete); extra:wr(sports_team); extra:romeo doubs(athlete); extra:jayden reed(athlete); extra:doubs(athlete); extra:matthew golden(athlete); extra:savion williams(athlete); extra:zaire franklin(athlete); extra:rasheed walker(athlete); extra:jordan morgan(athlete); extra:new york giants(company); extra:dexter lawrence ii(athlete); extra:tremaine edmunds(athlete); extra:arvell reese(athlete); extra:ot francis mauigoa(athlete); extra:malachi fields(athlete); extra:wan'dale robinson(athlete); extra:malik nabers(athlete); extra:jermaine eluemunor(athlete); extra:greg newsome ii(athlete); extra:reese(athlete); extra:kayvon thibodeaux(athlete); extra:jaxson dart's(athlete); extra:trent williams(athlete); extra:mike evans(athlete); extra:evans(athlete); extra:kyle shanahan(athlete); extra:jauan jennings(athlete); extra:christian kirk(athlete); extra:stribling(athlete); extra:osa odighizuwa(athlete); extra:hall of fame(company); extra:niners(sports_team); extra:blake miller(athlete); extra:taylor decker(athlete); extra:david montgomery(athlete); extra:jack campbell(athlete); extra:dan campbell(athlete); extra:john morton(athlete); extra:drew petzing(athlete); extra:penei sewell(athlete); extra:graham glasgow(athlete); extra:frank ragnow's(athlete); extra:cade mays(athlete); extra:montgomery(athlete); extra:isiah pacheco(athlete); extra:baltimore ravens(sports_team); extra:dt calais campbell(sports_team); extra:jesse minter(athlete); extra:minter(athlete); extra:hendrickson(athlete); extra:tyler linderbaum(athlete); extra:afc(sports_team); extra:edge travon walker(athlete); extra:cole van lanen(athlete); extra:te nate boerkircher(athlete); extra:liam coen(athlete); extra:trevor lawrence(athlete); extra:van lanen(athlete); extra:walker little(athlete); extra:devin lloyd(athlete); extra:travis etienne jr.(athlete); extra:devin lloyd
fresh(athlete); extra:achilles(athlete); extra:lloyd's(company); extra:ikem ekwonu's(sports_team); extra:monroe freeling(athlete); extra:jalen coker(athlete); extra:young(athlete); extra:jordyn tyson(athlete); extra:tyler shough(athlete); extra:saints(sports_team); extra:shough(athlete); extra:alvin kamara(athlete); extra:tyson(athlete); extra:alontae taylor(athlete); extra:demario davis(athlete); extra:kaden elliss(athlete); extra:bo nix's(athlete); extra:sean payton(athlete); extra:davis webb(athlete); extra:joe lombardi(athlete); extra:john franklin-myers(athlete); extra:dre greenlaw(athlete); extra:singleton(athlete); extra:strnad(athlete); extra:dobbins(athlete); extra:jamel dean(athlete); extra:baker mayfield(athlete); extra:bucs(athlete); extra:chris godwin jr.(athlete); extra:emeka egbuka(athlete); extra:jalen mcmillan(athlete); extra:tez johnson(athlete); extra:ted hurst iii(athlete); extra:dean(athlete); extra:muhammad(athlete); extra:alex anzalone(athlete); extra:a'shawn robinson(athlete); extra:kenny gainwell(athlete); extra:cade otton(athlete); extra:josh grizzard(athlete); extra:zac robinson(athlete); extra:robinson(athlete); extra:qb kyler murray(athlete); extra:sam darnold(athlete); extra:adofo-mensah's(athlete); extra:kevin o'connell(athlete); extra:justin jefferson(athlete); extra:javon hargrave(athlete); extra:jonathan allen(athlete); extra:caleb banks(athlete); extra:jennings(sports_team); extra:jaxon smith-njigba(athlete); extra:kenneth walker iii(athlete); extra:klint kubiak(athlete); extra:derick hall(athlete); extra:josh jobe(athlete); extra:wr rashid shaheed(athlete); extra:hall(athlete); extra:the nfc championship game(sports_team); extra:jadarian price(athlete); extra:robert saleh(athlete); extra:saleh(athlete); extra:mike borgonzi(athlete); extra:josh allen(athlete); extra:jaxson dart(athlete); extra:taylor(athlete); extra:carnell tate(athlete); extra:elic ayomanor(sports_team); extra:chimere dike(athlete); extra:calvin ridley(athlete); extra:jeffery simmons(athlete); extra:simmons(athlete); extra:drake london(athlete); extra:kyle pitts sr.(athlete); extra:michael penix jr.(politician); extra:pitts(athlete); extra:jahan dotson(athlete); extra:olamide zaccheaus(athlete); extra:zachariah branch(athlete); extra:kaleb mcgary(athlete); extra:jawaan taylor(athlete); extra:wanya morris(sports_team); extra:anderson(athlete); extra:micah parsons'(athlete); extra:danielle hunter(athlete); extra:hunter(athlete); extra:nico collins(athlete); extra:dalton schultz(athlete); extra:sheldon rankins(athlete); extra:g ed ingram(athlete); extra:woody marks(athlete); extra:stroud(athlete); extra:g mike onwenu(athlete); extra:stefon diggs(athlete); extra:drake maye(athlete); extra:will campbell(athlete); extra:caleb lomu(athlete); extra:lomu(athlete); extra:morgan moses(sports_team); extra:alijah vera-tucker(athlete); extra:vera-tucker(sports_team); extra:k'lavon chaisson(sports_team); extra:jones(athlete); extra:trent mcduffie(athlete); extra:mansoor delane(athlete); extra:patrick mahomes(athlete); extra:steve spagnuolo's(athlete); extra:l'jarius sneed(athlete); extra:jaylen watson(athlete); extra:nos(company); extra:delane(athlete); extra:bryan cook(athlete); extra:alohi gilman(athlete); extra:cook(athlete); extra:the chiefs(sports_team); extra:matt nagy's(athlete); extra:eric bieniemy(athlete); extra:peter woods(athlete); extra:rashee rice(athlete); extra:xavier worthy(athlete); extra:travis kelce(athlete); extra:marcus mariota(athlete); extra:ty simpson(athlete); extra:matthew stafford(athlete); extra:stafford(sports_team); extra:simpson(athlete); extra:james pearce jr.(athlete); extra:daniel jones(athlete); extra:alec pierce(athlete); extra:pierce(athlete); extra:michael pittman jr.(athlete); extra:josh downs(athlete); extra:pittman(athlete); extra:paye(athlete); extra:george pickens(athlete); extra:pickens(athlete); extra:micah parsons(athlete); extra:rashan gary(athlete); extra:gary(athlete); extra:quinnen williams(athlete); extra:kenny clark(athlete); extra:clark(athlete); extra:epa(sports_team); extra:matt eberflus(athlete); extra:christian parker(athlete); extra:caleb downs(athlete); extra:malachi lawrence(athlete); extra:jalen thompson(athlete); extra:dee winters(athlete); extra:aaron rodgers(athlete); extra:rodgers(athlete); extra:drew allar(athlete); extra:germie bernard(athlete); extra:nick herbig(athlete); extra:alex highsmith(athlete); extra:t.j. watt(athlete); extra:jayden daniels'(athlete); extra:daniels(athlete); extra:dan quinn(athlete); extra:oweh(company); extra:amik robertson(athlete); extra:leo chenal(athlete); extra:sonny styles(athlete); extra:laremy tunsil(athlete); extra:terry mclaurin(athlete); extra:te chig okonkwo(sports_team); extra:wr antonio williams(athlete); extra:geno smith(athlete); extra:david onyemata(athlete); extra:minkah fitzpatrick(athlete); extra:darren mougey(athlete); extra:sauce gardner(athlete); extra:cade klubnik(athlete); extra:david bailey(athlete); extra:kenyon sadiq(athlete); extra:omar cooper jr.(athlete); extra:d'angelo ponds(athlete); extra:joe tippmann(athlete); extra:joseph ossai(athlete); extra:bailey(athlete); extra:trey hendrickson's(athlete); extra:allen(athlete); extra:joe burrow(athlete); extra:espn(sports_team); extra:football power(sports_team); extra:buffalo bills(company); extra:sean mcdermott(athlete); extra:joe brady(athlete); extra:connor mcgovern(athlete); extra:mcdermott(athlete); extra:brandon beane(athlete); extra:mcgovern(athlete); extra:bradley chubb(athlete); extra:las vegas raiders(sports_team); extra:fernando mendoza(athlete); extra:mendoza(athlete); extra:kubiak(athlete); extra:nakobe dean(athlete); extra:malcolm koonce(athlete); extra:jalen nailor(athlete); extra:gardner minshew ii(athlete); extra:jacoby brissett(athlete); extra:carson beck(athlete); extra:bill barnwell(athlete); extra:bijan robinson(athlete)"
146,https://www.espn.com/nfl/story/_/id/49337716/khosla-led-group-agrees-buy-seahawks-sources-say-96-billion,Sports,Business,False,Report,Report,True,Off-Field News,Article,False,Centrist or politically neutral,Progressive or left-wing,False,Low,High,False,Informed Reader,Informed Reader,True,Standard,Sophisticated,False,Neutral,Neutral,True,0.23529411764705882,0.26666666666666666,"missed:seattle seahawks(sports_team); missed:new england patriots(sports_team); missed:washington commanders(sports_team); missed:denver broncos(sports_team); missed:los angeles lakers(sports_team); missed:portland trail blazers(sports_team); missed:openai(company); wrong_role:doordash(gt=company,pred=executive); missed:paul allen(executive); missed:josh harris(executive); missed:mark walter(executive); extra:the seattle seahawks(company); extra:the new england patriots(company); extra:the super bowl(sporting_event); extra:allen(executive); extra:jody(executive); extra:the 2026 world cup(sporting_event); extra:forbes(company); extra:walton(executive); extra:the denver broncos(company); extra:the los angeles lakers(sports_team); extra:microsoft(company); extra:nba(sports_team)"
